{
    "mean_fit_time": [
        0.020897467931111652,
        0.014960845311482748,
        0.008665164311726889
    ],
    "std_fit_time": [
        0.001942086586612645,
        0.004206375697384234,
        0.002128419549446368
    ],
    "mean_score_time": [
        0.0036935806274414062,
        0.0036293665568033853,
        0.003052949905395508
    ],
    "std_score_time": [
        0.00038851554161366134,
        0.00040263005733942066,
        0.0008878857269560125
    ],
    "param_C": [
        0.1,
        1.0,
        10.0
    ],
    "params": [
        {
            "C": 0.1
        },
        {
            "C": 1.0
        },
        {
            "C": 10.0
        }
    ],
    "split0_test_score": [
        0.8627450980392157,
        0.8627450980392157,
        0.8725490196078431
    ],
    "split1_test_score": [
        0.8217821782178217,
        0.801980198019802,
        0.801980198019802
    ],
    "split2_test_score": [
        0.8217821782178217,
        0.8316831683168316,
        0.8415841584158416
    ],
    "mean_test_score": [
        0.835436484824953,
        0.8321361547919498,
        0.8387044586811623
    ],
    "std_test_score": [
        0.01931010558860569,
        0.024809234384966627,
        0.02888147212317531
    ],
    "rank_test_score": [
        2,
        3,
        1
    ]
}